"x","y","z"
12.3,15.7,"a"
8.1,17.9,"a"
11.3,14.4,"a"
12.1,18,"a"
6.8,18.1,"a"
16.3,18.3,"a"
19.6,19.2,"a"
22.2,19,"a"
22.1,19.8,"a"
35.1,20.9,"a"
33.4,20.8,"a"
29.9,22.2,"a"
38.5,21.4,"a"
43.9,22.8,"a"
39.8,21.7,"a"
37.2,22.1,"a"
43.7,20,"a"
40.7,21.9,"a"
36.2,22.4,"a"
44.4,21.3,"a"
36.9,22,"a"
7.3,16.4,"a"
14.8,16.3,"a"
11.7,16.1,"a"
24.7,16,"a"
18.5,16.6,"a"
30.8,16.9,"a"
32.1,16.4,"a"
44.9,19.1,"a"
45.4,17.8,"a"
48.1,18.8,"a"
51.6,21.8,"a"
43,20.9,"a"
50.1,23.5,"a"
53,22.6,"a"
46.1,20,"a"
40.4,21.7,"a"
64.2,23.2,"a"
59.3,20.8,"a"
51.7,21.7,"a"
47.6,20.4,"a"
18.6,15.3,"a"
14.9,10.6,"a"
9.4,13.1,"a"
17.2,15.2,"a"
8.3,18.2,"a"
17.9,14.7,"a"
16.1,16.2,"a"
14.9,16.6,"a"
25.9,16.1,"a"
39.3,18.4,"a"
28.5,17.5,"a"
30.7,19.6,"a"
32.4,18.5,"a"
38.6,19.5,"a"
38.8,18,"a"
39.4,21.6,"a"
46.7,20.9,"a"
40.5,20.8,"a"
42.9,18.9,"a"
49.6,20,"a"
49,19.3,"a"
51.5,20.7,"a"
50.5,20.6,"a"
5.8,15.2,"a"
10.1,12.5,"a"
11.5,15.3,"a"
12.1,18.7,"a"
17.9,15.1,"a"
26.7,15.8,"a"
36.4,15.9,"a"
41.1,18.4,"a"
37.3,19.1,"a"
38.1,19,"a"
47.3,20.3,"a"
38.5,21.9,"a"
45.2,21.7,"a"
46.5,21,"a"
42.7,19.2,"a"
49.1,20.4,"a"
43,20.3,"a"
54.8,21.5,"a"
55.7,19.9,"a"
49.3,20.5,"a"
52.3,22.6,"a"
51.2,20.8,"a"
49.1,23.1,"a"
49.3,21.2,"a"
52.4,22.9,"a"
47.2,18.1,"a"
48.2,21.1,"a"
43,21.2,"a"
49,20.1,"a"
38.8,20.9,"a"
32.5,20.8,"a"
36.2,17.4,"a"
30.4,19.8,"a"
28.6,17.6,"a"
23.7,17.4,"a"
34.2,18.1,"a"
29.2,20.6,"a"
17.8,19.5,"a"
23.9,20.4,"a"
21.9,17.9,"a"
18.9,18.7,"a"
20.5,16.6,"a"
22.8,18.2,"a"
20.4,18,"a"
20.2,18.8,"a"
20.6,18.6,"a"
14.6,15.9,"a"
23.8,16.1,"a"
17.2,17.4,"a"
20.9,17.1,"a"
30.3,14.8,"a"
20.2,16.7,"a"
20.3,16.4,"a"
20.1,17.6,"a"
57.3,19.7,"a"
53,21.8,"a"
54.5,20.7,"a"
53.2,21.6,"a"
46.1,18.5,"a"
33,18.1,"a"
39.7,16.5,"a"
39.7,17.8,"a"
25.3,16.5,"a"
28.1,18.4,"a"
31.8,15.2,"a"
20.4,17.1,"a"
21.8,19.5,"a"
17.4,16.1,"a"
13.3,15.9,"a"
18.4,16.6,"a"
23.6,12.2,"a"
19.4,15,"a"
16.4,18.9,"a"
16.4,15.5,"a"
13.6,15.2,"a"
12.5,15.7,"a"
29.2,18.2,"a"
12.1,16.3,"a"
31.6,16.6,"a"
22.1,17.2,"a"
21,15.2,"a"
53.4,23.8,"a"
62.9,22,"a"
60.4,24.5,"a"
55,23.4,"a"
51.7,23.2,"a"
44,19.3,"a"
36.2,22.1,"a"
47.8,20.5,"a"
35.4,21.8,"a"
40.9,17.8,"a"
38.4,19.6,"a"
27.6,19.5,"a"
34.5,17.2,"a"
31,18.7,"a"
31.9,18.1,"a"
23.9,17.5,"a"
20.6,18.1,"a"
23.5,19.5,"a"
27.9,15.2,"a"
17.9,15.9,"a"
28.2,15.1,"a"
22.6,15.9,"a"
26.2,17.9,"a"
17.1,18.8,"a"
13.3,14.5,"a"
22.7,15,"a"
14.6,15.4,"a"
21.9,17.8,"a"
16,14.9,"a"
47.9,21.7,"a"
42.5,19.9,"a"
41.6,20.4,"a"
43.4,20.6,"a"
35.8,21.2,"a"
33.6,20.6,"a"
35.9,16.5,"a"
26.8,17,"a"
14.6,18,"a"
29.2,16.6,"a"
23,13.6,"a"
22.7,14.9,"a"
22.7,16.6,"a"
19.1,16.9,"a"
21.1,15.9,"a"
21.5,14.8,"a"
7.2,15,"a"
10.1,14.8,"a"
9.6,15.9,"a"
12.1,14.5,"a"
20.1,11.8,"a"
16.8,15,"a"
12.7,15.7,"a"
23.4,14.4,"a"
21,15.3,"a"
54.1,20,"a"
49.7,20.7,"a"
51,19.6,"a"
36,21.5,"a"
39.7,19.4,"a"
41.7,21.7,"a"
36,18.6,"a"
37.7,20.2,"a"
39.3,16.2,"a"
39.1,16.7,"a"
31.9,14.8,"a"
34,13.9,"a"
30.7,16.7,"a"
26.6,16.3,"a"
24,16,"a"
16.8,17.6,"a"
21.9,15.5,"a"
24.4,15.9,"a"
33.4,15.4,"a"
25.1,14.1,"a"
25.7,17.4,"a"
57.7,22.1,"a"
64.8,21.8,"a"
53.2,23.7,"a"
56.8,21.6,"a"
54.1,20.5,"a"
49.6,20.9,"a"
50.2,24.5,"a"
45.3,16.9,"a"
34.6,16.3,"a"
40.9,17,"a"
37.5,16,"a"
25.2,20.7,"a"
33.4,17.6,"a"
26.2,18.6,"a"
23.9,16.4,"a"
17.3,16.7,"a"
26.4,16.5,"a"
21.4,16.7,"a"
25.9,14.6,"a"
26.6,12,"a"
25,14.1,"a"
16.8,15.2,"a"
23.5,14.8,"a"
58.9,24.9,"a"
56.2,23.8,"a"
59.6,22.8,"a"
56.3,21,"a"
50.2,21.4,"a"
45,20.6,"a"
32.6,19.7,"a"
38.9,17.9,"a"
41.2,16.7,"a"
28.8,18.3,"a"
35.1,18.4,"a"
34.2,16.1,"a"
21.2,17.7,"a"
20.3,15.5,"a"
21.4,15.9,"a"
28.6,14.5,"a"
35.2,16.4,"a"
15.4,14.9,"a"
17.6,16.9,"a"
24.7,17.4,"a"
33.2,16.6,"a"
20.3,15.2,"a"
25.5,16.5,"a"
17.6,15.3,"a"
56.1,23,"a"
56.5,23.9,"a"
62.1,23.8,"a"
52.7,21.4,"a"
60.3,22.4,"a"
48.1,21.6,"a"
42.4,21,"a"
44.6,20.6,"a"
36.9,17.6,"a"
28.4,18.2,"a"
38.8,16.4,"a"
23,15.1,"a"
28.3,13,"a"
17.8,13.1,"a"
29.7,14,"a"
24.9,16.8,"a"
24.5,16.7,"a"
16.3,12.6,"a"
18.3,14.7,"a"
31.6,15.5,"a"
14,13.3,"a"
13.9,13,"a"
19.9,13.5,"a"
6.6,13,"a"
18.5,14,"a"
14.3,14.9,"a"
52,22.8,"a"
51.3,20.9,"a"
52.3,22.5,"a"
49.3,20.8,"a"
47.9,19,"a"
47,20.6,"a"
38.3,19.6,"a"
40.5,16.4,"a"
36.1,16.5,"a"
35.3,14.5,"a"
24.6,16.6,"a"
21.1,18.3,"a"
17.3,13.7,"a"
12.1,15.8,"a"
10.1,15,"a"
15.7,14.8,"a"
11.8,13.4,"a"
12.9,10.4,"a"
15.3,13.2,"a"
18.6,14.7,"a"
15.1,12.7,"a"
18.3,13.4,"a"
54.8,22.2,"a"
55.4,23.4,"a"
55.5,19.4,"a"
43.8,22.7,"a"
32.8,19.9,"a"
32.7,19,"a"
27.1,19.7,"a"
20.7,16.7,"a"
24.4,20.5,"a"
18.4,18,"a"
11.2,19.6,"a"
3.2,19.7,"a"
13.5,16.6,"a"
15.9,17.5,"a"
4,16.4,"a"
14.5,17,"a"
10.9,15.8,"a"
5,16.8,"a"
14.8,14.5,"a"
15.3,16.8,"a"
59.6,20.4,"a"
55,21.5,"a"
54.8,21.2,"a"
57.5,20.8,"a"
45.3,20.8,"a"
51.6,18.2,"a"
41.1,17.5,"a"
40.6,16.3,"a"
28.2,14.9,"a"
32.7,14.9,"a"
29.3,14.3,"a"
29.3,13.3,"a"
15.5,13.3,"a"
30.1,13.2,"a"
26.9,15.1,"a"
22.2,14.9,"a"
26,14.2,"a"
24.4,11.9,"a"
38.1,12.5,"a"
29.4,11.6,"a"
28.3,10.5,"a"
62.3,22.2,"a"
59.6,23.6,"a"
64.4,22.3,"a"
63.9,21.5,"a"
46.1,21.1,"a"
47.4,20.5,"a"
52.9,21.2,"a"
44.4,18.9,"a"
35.1,16.1,"a"
28.6,18.1,"a"
26.9,15.7,"a"
17.4,14.9,"a"
15.3,15.6,"a"
11.2,11.9,"a"
15.4,12.6,"a"
12.9,14,"a"
2.2,16.4,"a"
13.7,13.4,"a"
10.7,12.5,"a"
15,11.8,"a"
5.7,13.9,"a"
62,20.3,"a"
58.3,20.1,"a"
55,20.1,"a"
64.6,21.4,"a"
49.4,20.6,"a"
48.3,21.4,"a"
49,20,"a"
33.9,20.1,"a"
35.7,18.9,"a"
36.5,16.8,"a"
34.3,16.2,"a"
25,16.7,"a"
23.9,16.9,"a"
25.6,16.7,"a"
27.7,15.2,"a"
30.1,16.7,"a"
23.7,15.5,"a"
28.6,13.8,"a"
19.5,15.3,"a"
30.2,15.3,"a"
32.3,16.7,"a"
26.1,16.3,"a"
17.5,15.1,"a"
61.5,23.7,"a"
63.4,24.1,"a"
62,23,"a"
58.6,22.8,"a"
56.1,23.8,"a"
57.6,22.2,"a"
46.5,22.2,"a"
45.7,21.2,"a"
38.5,20.8,"a"
45.9,20.2,"a"
45.8,20.9,"a"
27.7,20.6,"a"
32.9,18.1,"a"
30.9,18,"a"
28.9,20.9,"a"
31.1,19,"a"
16.2,17.2,"a"
19.9,17.1,"a"
18.7,19,"a"
20.3,17.4,"a"
28.9,16.3,"a"
33.9,16.5,"a"
16.1,18.5,"a"
8.9,15.8,"a"
19.7,16.7,"a"
62,19.1,"a"
54.9,21.1,"a"
58.5,23.5,"a"
58.7,21.6,"a"
45.5,18.7,"a"
44.9,22,"a"
39.4,18,"a"
35.6,20,"a"
28.3,18.1,"a"
32.8,18.1,"a"
22.7,18.6,"a"
26.6,17.9,"a"
26,18.7,"a"
22.1,17.6,"a"
20.2,16.4,"a"
23.2,19.2,"a"
21.1,15,"a"
20.6,16.7,"a"
13.9,13.9,"a"
16.6,17.6,"a"
23.4,15.5,"a"
64.5,22.6,"a"
61.9,20.5,"a"
55.8,21.8,"a"
63.6,23.5,"a"
55.1,22.9,"a"
61.9,21.8,"a"
46.4,21.5,"a"
40.6,20.9,"a"
36.7,19,"a"
39.8,16,"a"
35.2,18.7,"a"
31.8,18.4,"a"
33.7,15.7,"a"
29.1,16.8,"a"
33.3,18.1,"a"
19.6,16.3,"a"
24.4,17.6,"a"
26.2,16.4,"a"
26.1,16,"a"
16,15.2,"a"
17.9,14.3,"a"
23.4,16.1,"a"
20.2,16.7,"a"
19.1,15.6,"a"
18.8,13,"a"
57.5,21.4,"a"
55.3,23.1,"a"
54.1,22.4,"a"
45.9,22,"a"
50.7,20.1,"a"
42.2,22.5,"a"
58.5,20.5,"a"
30,19.6,"a"
38,19.4,"a"
30.4,18.3,"a"
38.5,19.7,"a"
25.8,20.1,"a"
35,17.1,"a"
17.1,17.8,"a"
17.7,17.2,"a"
21.5,18.8,"a"
20.9,17.1,"a"
18.1,15.4,"a"
15.3,17.8,"a"
18.1,18.2,"a"
48.1,22.7,"a"
51.2,22,"a"
41.2,20.6,"a"
51.6,22,"a"
49.2,21.4,"a"
39.6,20.7,"a"
36.4,18.8,"a"
34.8,19.2,"a"
34.2,19,"a"
35.8,21,"a"
30.1,16.5,"a"
17.7,17.8,"a"
21,18.7,"a"
25.6,17.7,"a"
9.7,17.8,"a"
21.3,15.5,"a"
14.8,18.6,"a"
19.1,17.5,"a"
22.1,15.8,"a"
14.2,17.6,"a"
25.2,17.2,"a"
49.1,24.9,"a"
53.9,22.7,"a"
50.5,21.2,"a"
41,21.5,"a"
40.2,22.4,"a"
41.3,21.2,"a"
33.2,20.6,"a"
36.8,19.9,"a"
38.1,18.4,"a"
39.6,17.1,"a"
30.2,18,"a"
28.5,18.8,"a"
21.2,17.7,"a"
23.1,17.5,"a"
18.8,16.1,"a"
21.4,16.1,"a"
24.9,18.4,"a"
25.5,17.3,"a"
31.1,17.3,"a"
27.3,18.1,"a"
51.7,22,"a"
49.9,19.5,"a"
44,20.8,"a"
51.8,20.2,"a"
46.3,21.4,"a"
31.9,19.3,"a"
32,19.1,"a"
38.3,17.6,"a"
36.9,16.9,"a"
31.2,17.3,"a"
25.9,18.2,"a"
27.1,17.3,"a"
27.9,15.2,"a"
14.6,16.6,"a"
22.6,15.2,"a"
15.1,14.9,"a"
26.2,16.2,"a"
18.4,15.4,"a"
26.4,15.6,"a"
58.3,22.6,"a"
52.6,23.5,"a"
51,21.4,"a"
50.3,21.4,"a"
49,19.3,"a"
32,17.2,"a"
39.9,18.8,"a"
33.6,18.2,"a"
31.1,18,"a"
32,16.6,"a"
32.9,16.3,"a"
29.2,18.2,"a"
20.6,15.4,"a"
16.1,18.6,"a"
23.2,17,"a"
20.9,16,"a"
28.3,15.5,"a"
23.3,15.8,"a"
25.7,15.3,"a"
20.2,16.3,"a"
27.4,16.2,"a"
24.1,14.5,"a"
55.4,21,"a"
59.3,22,"a"
53.5,22.3,"a"
48.4,20.1,"a"
49,21.2,"a"
39.3,19.5,"a"
29.4,16.6,"a"
31.5,18.9,"a"
27.5,15.7,"a"
30.7,17.9,"a"
21.2,15.1,"a"
31.1,16.1,"a"
19.2,15.6,"a"
23.8,15.1,"a"
18.9,14.5,"a"
19.2,15,"a"
25.1,15.8,"a"
17.9,16.5,"a"
58.1,20.9,"a"
52.8,21.8,"a"
52.6,20.1,"a"
41.9,19.4,"a"
42.8,17.7,"a"
31.8,17.4,"a"
34.4,17.4,"a"
38.9,17.7,"a"
29.6,19.1,"a"
23.2,17.8,"a"
29.9,16.9,"a"
24.5,17.9,"a"
14.6,15.5,"a"
26.5,16.3,"a"
27.8,17.4,"a"
25.5,14.9,"a"
16,18.6,"a"
12.8,15.2,"a"
21,17.2,"a"
62.6,23.1,"a"
66.8,22.5,"a"
65,23.3,"a"
59.1,23.6,"a"
64.5,20.1,"a"
52.2,21.5,"a"
48.1,21.7,"a"
43.9,21,"a"
45.9,20,"a"
50.1,21.7,"a"
43.4,17.7,"a"
46.3,20.8,"a"
32.3,17.6,"a"
32.7,19.5,"a"
40,18.8,"a"
29.1,19.2,"a"
40,17.2,"a"
35,16.8,"a"
31.6,18.3,"a"
31.5,20.2,"a"
34.9,17,"a"
27.6,18.3,"a"
32.6,16.1,"a"
23.1,15.6,"a"
31.2,16.8,"a"
29.9,16.2,"a"
27.7,17.6,"a"
35.3,16.3,"a"
27.9,14.8,"a"
27.5,14.8,"a"
27.9,15.2,"a"
22.9,16.6,"a"
25,15.2,"a"
13.8,16.8,"a"
28.3,18.1,"a"
20.3,16.9,"a"
28.9,16,"a"
65.9,23.2,"a"
58.6,21.5,"a"
60,20.9,"a"
50.2,19.6,"a"
48,19,"a"
36.1,17.3,"a"
47,17.8,"a"
36.9,16.9,"a"
35.9,19.5,"a"
38.8,18.8,"a"
30.3,15.7,"a"
24.5,18.1,"a"
21.7,16.5,"a"
25.3,16.6,"a"
26.2,15.6,"a"
29.1,14.8,"a"
21.8,18,"a"
15.9,15.4,"a"
23.2,18.4,"a"
14,14.9,"a"
25.2,14.1,"a"
25.3,15.5,"a"
24.7,16.8,"a"
17.2,17.6,"a"
33.8,17.4,"a"
24.5,16.4,"a"
26.6,16.6,"a"
28.4,17.3,"a"
26.5,17.2,"a"
24.7,16.7,"a"
34.5,18.7,"a"
32,19.8,"a"
31.2,17.1,"a"
36.8,19.9,"a"
32.1,19.2,"a"
40.3,20.9,"a"
43.4,20.9,"a"
43.3,18.7,"a"
43,17.1,"a"
45.2,18.4,"a"
37.3,18.1,"a"
41.9,21.6,"a"
43.9,18.6,"a"
36.1,18.5,"a"
48.4,21.4,"a"
49.4,19.6,"a"
52.5,20.5,"a"
44.3,21.5,"a"
50.6,20.1,"a"
48.8,18.3,"a"
47.5,19.9,"a"
51.5,20.9,"a"
47.6,19.3,"a"
47.9,20.6,"a"
51.3,21.2,"a"
57.7,19,"a"
52,21.5,"a"
50.2,22.2,"a"
56.2,20.6,"a"
46.7,18.7,"a"
53.2,22.6,"a"
58.8,20,"a"
47.6,22.2,"a"
63.8,20.2,"a"
57.1,22.1,"a"
51.5,22.3,"a"
46.9,22.7,"a"
42.7,23.6,"a"
30.3,20.3,"a"
41.1,20.8,"a"
37.1,18.5,"a"
34.8,18,"a"
32.3,19.7,"a"
27,17.1,"a"
28,20.4,"a"
28.2,18.1,"a"
32.5,15.4,"a"
31.8,18.5,"a"
22.7,17.9,"a"
29.4,18.2,"a"
25,16.6,"a"
31.3,18.6,"a"
49.8,21.2,"a"
49.8,18.4,"a"
49.9,20.8,"a"
50.7,20.5,"a"
38,20.3,"a"
30.8,19.1,"a"
27.4,17.8,"a"
35.3,17.7,"a"
26.9,20.3,"a"
36.5,17.5,"a"
24.1,19.4,"a"
26.3,19.5,"a"
28.4,19.5,"a"
36.8,18.2,"a"
47.8,21.7,"a"
54.1,21,"a"
53.6,23.8,"a"
46.4,19.1,"a"
47.5,17.3,"a"
42.5,19.6,"a"
31.3,17.8,"a"
26.5,17.1,"a"
31.7,20.3,"a"
23.2,19.3,"a"
23.2,17,"a"
25.7,17.1,"a"
29.8,14.7,"a"
56.8,20.9,"a"
52.8,22.4,"a"
38.9,23,"a"
50.7,18.8,"a"
43.4,20.4,"a"
39.2,19.7,"a"
33.6,17.5,"a"
25.2,17,"a"
42.9,17.6,"a"
28.5,17.2,"a"
32.7,16.2,"a"
23.1,15.3,"a"
25,17,"a"
25,18,"a"
24.8,17.4,"a"
27.1,17.9,"a"
73.7,24.6,"a"
66.7,23.2,"a"
59.9,21.8,"a"
52.1,22,"a"
53.3,22.1,"a"
45.9,21.2,"a"
50.8,19.7,"a"
44.8,17.6,"a"
25.5,16.4,"a"
32.1,18.1,"a"
26.8,16.1,"a"
26.2,15.6,"a"
27.5,16.5,"a"
31.2,17.7,"a"
30.7,16.8,"a"
62.2,26.4,"a"
48.5,22.9,"a"
54.8,19.8,"a"
50.3,21,"a"
39.3,19.3,"a"
47.6,19.6,"a"
36.8,19.2,"a"
29.5,19.7,"a"
36.9,18.3,"a"
29.8,16.1,"a"
39.1,16.5,"a"
32.5,18.8,"a"
23.1,15,"a"
34.9,19.4,"a"
28.9,18.4,"a"
57.5,22.5,"a"
43,21.4,"a"
44.6,19.7,"a"
36.9,19.2,"a"
38.7,17,"a"
35.4,18.1,"a"
20.4,17.5,"a"
25.3,16.3,"a"
30.1,16.5,"a"
25.2,15.9,"a"
17.5,15.8,"a"
15.9,16.3,"a"
21.6,17.6,"a"
26,16.1,"a"
29,15.8,"a"
49.7,19.2,"a"
55,18.5,"a"
46.2,19.9,"a"
37.6,20.9,"a"
37.1,19.3,"a"
33.7,17.8,"a"
28,17,"a"
25,15.6,"a"
25.4,16.9,"a"
20.2,16.1,"a"
24.2,15.8,"a"
25.4,14.7,"a"
25.9,15.1,"a"
22.3,14.9,"a"
24.9,15.7,"a"
42.2,21.5,"a"
48.8,20.6,"a"
46.5,21.9,"a"
30.5,19.2,"a"
42.9,19.6,"a"
40.8,18,"a"
26.2,18.9,"a"
18.7,16.3,"a"
29.8,17.4,"a"
22,16.1,"a"
20.2,15.7,"a"
22.7,16.6,"a"
16.2,16,"a"
13.8,15.5,"a"
19.8,15,"a"
64.4,19.7,"a"
56,22.4,"a"
52.2,21.2,"a"
62.4,21.9,"a"
46.7,18.8,"a"
49.3,22,"a"
43.2,21.3,"a"
46.2,19.8,"a"
45.7,18.2,"a"
37,19.5,"a"
28.6,18.3,"a"
36.5,18.6,"a"
29,19.8,"a"
36.3,18.5,"a"
30.5,18.2,"a"
21.1,18.1,"a"
23.6,17.8,"a"
26.6,17.2,"a"
34.2,16.3,"a"
37,17.7,"a"
15.5,15.8,"a"
24.1,16.6,"a"
23,16.9,"a"
18,17.5,"a"
16.8,16,"a"
19.3,16,"a"
18.7,14.8,"a"
17.5,16.9,"a"
24.8,16.6,"a"
20.4,15.1,"a"
16.3,18.1,"a"
9.6,15.2,"a"
14.3,15.8,"a"
21.1,13.9,"a"
18.3,15.8,"a"
19.2,16.6,"a"
11.7,14.5,"a"
18.2,13.6,"a"
20.6,14.5,"a"
8.6,12.2,"a"
8.6,15.8,"a"
7.4,15,"a"
9.9,14,"a"
0.1,13.5,"a"
14,13.3,"a"
11.9,15.9,"a"
3,13.6,"a"
14.1,13.4,"a"
8.6,15.3,"a"
10,12.7,"a"
9.8,16,"a"
13.5,14.4,"a"
53.6,20.7,"a"
52.2,21.9,"a"
62.1,23.1,"a"
59.8,21.5,"a"
50.1,22.1,"a"
46,21.4,"a"
44.6,20.1,"a"
35.7,18,"a"
28.2,20.4,"a"
26.9,18.8,"a"
39.3,17.4,"a"
23.9,18,"a"
38.5,16.9,"a"
22.7,17.2,"a"
28.1,17.2,"a"
19.9,15.9,"a"
23.4,14.5,"a"
26.6,17.5,"a"
18.7,16.7,"a"
19,16.3,"a"
10.1,14.7,"a"
24.7,16.8,"a"
32.5,14.9,"a"
20.3,15.4,"a"
71.2,23.4,"b"
69.1,22.5,"b"
77.3,18.4,"b"
71.2,20.5,"b"
70,20,"b"
62.8,20.2,"b"
60.9,18.9,"b"
52.4,19.2,"b"
50.4,19.1,"b"
48,16.9,"b"
52.7,16.3,"b"
44.9,16.3,"b"
46.8,16.2,"b"
53.2,15,"b"
34.8,16.2,"b"
35.1,13.8,"b"
38.9,14.6,"b"
46.7,12.3,"b"
40.4,13.8,"b"
40.2,12.6,"b"
40.1,12.9,"b"
30.8,12.4,"b"
40.9,14.1,"b"
39.5,15.4,"b"
33.4,12.4,"b"
30.9,14.1,"b"
36.1,15.2,"b"
40.3,14.2,"b"
20.5,11.6,"b"
36.9,12.6,"b"
34,13.1,"b"
25.4,11.9,"b"
30.1,11.8,"b"
21.1,13.2,"b"
29.8,10.3,"b"
28,12.4,"b"
22.3,12.5,"b"
32.5,12,"b"
32.8,12,"b"
25.1,10.5,"b"
21.9,11.4,"b"
23.9,12.9,"b"
19.5,12.5,"b"
26.9,14.3,"b"
24.3,11,"b"
64.1,17.7,"b"
77.4,22.5,"b"
63.5,20.6,"b"
70.7,21.5,"b"
64.1,18.7,"b"
64.3,19.4,"b"
49.5,17.6,"b"
54.1,15.4,"b"
40.4,11.6,"b"
37.3,13,"b"
35.4,11.9,"b"
33.1,12.1,"b"
34.7,10.3,"b"
25.3,10.5,"b"
28.3,12.9,"b"
21.9,10.3,"b"
25.8,11.1,"b"
21.7,11.2,"b"
23,12,"b"
19.5,11,"b"
19.4,11.2,"b"
28.1,12.2,"b"
28.2,11.2,"b"
24.8,12.1,"b"
26.9,11.3,"b"
34.9,10.6,"b"
82.5,21.7,"b"
72.4,17.8,"b"
76.4,22,"b"
78.8,19.8,"b"
69.2,17.9,"b"
61.3,17.8,"b"
62.9,18.6,"b"
55.8,16.5,"b"
55.1,15.5,"b"
44.6,12.7,"b"
47.5,11.3,"b"
46,13.2,"b"
42.1,12.8,"b"
31.9,13.7,"b"
24.9,11.2,"b"
23.8,12.9,"b"
36.7,10.7,"b"
40.5,12.5,"b"
31.9,11.3,"b"
37.9,10.6,"b"
37,13,"b"
38.2,10.9,"b"
26.9,10.7,"b"
31.8,11.8,"b"
39.3,11,"b"
35.4,11.6,"b"
34.9,11.2,"b"
33.2,10.1,"b"
84.5,22.1,"b"
78.1,21,"b"
76.4,18.3,"b"
66.6,21.3,"b"
66.7,19.7,"b"
57.7,17.2,"b"
44.5,20.3,"b"
55.1,18.9,"b"
51.3,16.2,"b"
46.5,16.3,"b"
33,15.6,"b"
33.3,17.4,"b"
34.1,14.9,"b"
34.2,15.3,"b"
24.2,16.7,"b"
27.3,14.3,"b"
18.3,11.7,"b"
28.9,12.8,"b"
30.8,13,"b"
30,16,"b"
23.9,11.2,"b"
28.9,13.5,"b"
16.9,14,"b"
23.5,12.3,"b"
19.1,11.2,"b"
22.1,12.8,"b"
26,12,"b"
18.7,13.1,"b"
25,13,"b"
22.2,13.5,"b"
79.6,20.6,"b"
82.9,21.7,"b"
75.5,20.2,"b"
77.7,19.3,"b"
70.6,18.5,"b"
62.1,17.7,"b"
58.3,16.8,"b"
60.2,17.1,"b"
55.4,16.5,"b"
43.3,15.2,"b"
45.4,14.9,"b"
38.4,14.6,"b"
33.4,13.4,"b"
33.2,13.4,"b"
41.2,11.1,"b"
29.7,13.7,"b"
21.3,10.5,"b"
32.6,11.8,"b"
19.1,12,"b"
24,10.6,"b"
24.8,13.8,"b"
20.8,11.8,"b"
16.8,12.1,"b"
26.2,11.1,"b"
24.2,13,"b"
76.8,17.9,"b"
71.7,20.5,"b"
69.6,18.2,"b"
58.9,17.7,"b"
55.3,19.3,"b"
57.2,16.2,"b"
55.9,14.4,"b"
53.4,16.6,"b"
47.3,15.1,"b"
44.8,14.5,"b"
43.7,13,"b"
46.9,15,"b"
45.2,13.4,"b"
41.9,14,"b"
36,13.6,"b"
40.1,10.5,"b"
33.4,10.2,"b"
40.8,12.7,"b"
35.2,11.6,"b"
31.5,11.9,"b"
32.1,12.7,"b"
29.2,12.7,"b"
30.6,11.8,"b"
70.7,17.3,"b"
62.8,19.5,"b"
71.7,18.2,"b"
71.2,17.4,"b"
61.4,20.2,"b"
57.6,18.1,"b"
59.4,13.6,"b"
63.9,16.8,"b"
46,14.3,"b"
46.1,15.5,"b"
36,15.7,"b"
33.9,11.5,"b"
43.3,12.3,"b"
34.8,10.5,"b"
38.3,11.4,"b"
25.1,11.8,"b"
25.9,11.2,"b"
22.3,9.4,"b"
29.2,11.6,"b"
26.1,11.1,"b"
22.8,11.4,"b"
36.3,8.8,"b"
67,21,"b"
71.3,20.1,"b"
59.8,20.5,"b"
62.5,18.7,"b"
51.3,18.3,"b"
50.3,15.5,"b"
49.5,14.5,"b"
34.3,15.6,"b"
35,14.8,"b"
27.7,13.3,"b"
31.9,13.3,"b"
21.5,10.4,"b"
24.9,12.4,"b"
23.9,11.8,"b"
19.2,9.1,"b"
19.6,8.4,"b"
19.4,8.5,"b"
11.4,9.8,"b"
3.1,8.1,"b"
21.8,10.2,"b"
18.6,12,"b"
3.2,9.5,"b"
18.3,8.1,"b"
29.3,9.7,"b"
7.7,7.1,"b"
16.7,9.8,"b"
20.3,9.9,"b"
8.8,9.7,"b"
17.6,7.1,"b"
9.2,7.7,"b"
11.5,9.1,"b"
11.6,10.5,"b"
19.2,7.4,"b"
16.6,8.4,"b"
20.8,8.8,"b"
24.5,9.1,"b"
20.3,8.9,"b"
16.5,7.3,"b"
9.2,10.4,"b"
18.3,8,"b"
20.5,9.5,"b"
24.2,9.5,"b"
13.9,9.7,"b"
19.3,9.5,"b"
33.8,10.1,"b"
26,12.6,"b"
18.4,11.2,"b"
38.7,12,"b"
35.6,8.7,"b"
29.1,12.1,"b"
27.9,9.4,"b"
31.2,11,"b"
42.4,9.4,"b"
37.7,11.7,"b"
37.9,13.8,"b"
37.1,10.9,"b"
64.7,19,"b"
79.8,21.4,"b"
79.2,19.6,"b"
72.1,17.7,"b"
60.5,19.4,"b"
66.6,17.4,"b"
47.5,17.3,"b"
45.5,15.5,"b"
44.8,12.9,"b"
36,12.3,"b"
30.6,10.7,"b"
36.1,10.6,"b"
29.4,14.2,"b"
56.9,19.1,"b"
65.3,17.8,"b"
56.3,20.6,"b"
67,19,"b"
60.3,16.3,"b"
53.5,15,"b"
42.5,18.5,"b"
39,14.7,"b"
38.4,15,"b"
27.9,14.4,"b"
26.1,10.9,"b"
23.8,13.2,"b"
29.5,11,"b"
19.3,12.7,"b"
9.8,10.3,"b"
25.9,12.6,"b"
18.5,11,"b"
19.3,9.7,"b"
63.1,19.8,"b"
74,21.4,"b"
54.4,20.2,"b"
68.8,17,"b"
47.4,17.9,"b"
56.6,17.1,"b"
41.4,14.9,"b"
52.4,13.7,"b"
42.4,17.3,"b"
44.2,14.6,"b"
34,11.9,"b"
31.4,12.4,"b"
29.4,13.6,"b"
31,11.5,"b"
29.6,13,"b"
33,10.9,"b"
27.4,10.8,"b"
27.6,13.2,"b"
83,21.2,"b"
81.3,20.7,"b"
72.3,21.2,"b"
67.9,20.1,"b"
68,20.2,"b"
69.9,18.6,"b"
68.5,18.5,"b"
63.1,19.3,"b"
56.1,19.8,"b"
68.7,18.2,"b"
66.1,17.7,"b"
73.7,16.7,"b"
66.2,16.6,"b"
55.4,18.3,"b"
60.8,16.9,"b"
54.9,16,"b"
48.9,16.9,"b"
53.6,15.5,"b"
69.7,18.4,"b"
49.8,14.6,"b"
43.1,17.5,"b"
58.7,15.5,"b"
41.8,15.4,"b"
47.8,17.1,"b"
47.5,15.8,"b"
48.2,16.2,"b"
49.3,17.1,"b"
45.2,14,"b"
49.1,15.3,"b"
48.5,14.4,"b"
41.9,16.3,"b"
43.2,14,"b"
47.2,17.6,"b"
59.2,15,"b"
39.5,13.4,"b"
42.1,13.3,"b"
49.1,15.7,"b"
46.5,15.7,"b"
49.7,14.8,"b"
42.2,13.3,"b"
42.2,17.8,"b"
44.5,13.8,"b"
49.5,15,"b"
51.2,15.7,"b"
49.6,15.2,"b"
46.2,15.9,"b"
47.7,16.1,"b"
49.8,16.7,"b"
53.5,17.5,"b"
45.7,17.5,"b"
54.7,15.9,"b"
50.7,15.8,"b"
51.9,15.7,"b"
53.9,16.9,"b"
73.7,17.4,"b"
60.4,20.3,"b"
55.2,18,"b"
60,19.5,"b"
66.5,18.2,"b"
69.9,19.4,"b"
64.5,20.7,"b"
44.1,13.8,"b"
41.4,14.2,"b"
37.9,15.3,"b"
44.2,13.4,"b"
42.5,17.3,"b"
50.9,16,"b"
48.2,15.5,"b"
61.2,16.9,"b"
47.1,17.1,"b"
54.5,17.5,"b"
55.2,17,"b"
58.9,16.1,"b"
66.4,19,"b"
56,19.7,"b"
55.5,20.4,"b"
59.6,18.2,"b"
61.9,17.6,"b"
71,21.4,"b"
67.6,17.5,"b"
29.8,14.5,"b"
32.5,11.2,"b"
39.1,14.8,"b"
50.4,13.1,"b"
37.3,15.3,"b"
46.2,16.9,"b"
45.4,16.1,"b"
44.6,16.4,"b"
43.9,15.5,"b"
47.8,15.4,"b"
42.9,16.2,"b"
57.7,16.8,"b"
44.5,15.7,"b"
55.4,18.1,"b"
50.9,16.6,"b"
55.7,18.6,"b"
58.1,19.2,"b"
63.6,16.4,"b"
62.6,19.2,"b"
62.4,16.6,"b"
56.9,17.3,"b"
54.2,17,"b"
55.7,18.1,"b"
60.1,17.4,"b"
49.7,17.4,"b"
54.2,16.8,"b"
55.5,17.1,"b"
51.9,17,"b"
48.9,17.7,"b"
50.6,16.2,"b"
51.8,16.8,"b"
47.8,13.2,"b"
45,15.3,"b"
48.2,16,"b"
59.2,17.2,"b"
56.1,17.1,"b"
55.7,15.5,"b"
61.4,17.8,"b"
50.6,16.4,"b"
48.8,15,"b"
45.2,15.6,"b"
53.9,16,"b"
47.4,13.3,"b"
35.7,12.8,"b"
40.7,11.7,"b"
29.2,13.9,"b"
34.5,13.4,"b"
33.1,12.1,"b"
37,9.8,"b"
32.7,14,"b"
33,12.5,"b"
80.7,20.6,"b"
76.9,21.9,"b"
75.1,19.4,"b"
62.9,18.2,"b"
68.8,21.2,"b"
62.5,17.6,"b"
55.1,18.8,"b"
55.1,18.9,"b"
52.8,16.7,"b"
47,19.1,"b"
51.5,15.7,"b"
47.4,16.6,"b"
35.2,13.9,"b"
43,15,"b"
37.6,11.3,"b"
33.1,13.9,"b"
38.1,13.1,"b"
67.5,19.2,"b"
71,17.5,"b"
72,19.3,"b"
70.7,19.4,"b"
66.5,22.2,"b"
56.7,19.4,"b"
57.2,17.6,"b"
57.8,17.9,"b"
48,17.1,"b"
56.7,16.5,"b"
55,16.8,"b"
48.9,16.5,"b"
45.6,14.1,"b"
51.5,15.6,"b"
43.6,16.8,"b"
32.9,14.9,"b"
19.8,14.2,"b"
30.5,13.5,"b"
30.8,14.1,"b"
37.6,13.5,"b"
27.8,11.7,"b"
37.2,15.9,"b"
29,13.6,"b"
43.2,15.8,"b"
70.4,18,"b"
66.9,20.4,"b"
64.3,20.4,"b"
64.2,20.6,"b"
56.1,18.1,"b"
53.2,15.7,"b"
54.6,15.5,"b"
49.2,16.3,"b"
38.6,15.3,"b"
51.9,15.1,"b"
37.6,12.4,"b"
40.8,13.1,"b"
41.4,13.5,"b"
50.6,13.3,"b"
31.2,14.2,"b"
38.1,12.7,"b"
28.6,14.5,"b"
37.2,10.4,"b"
35.3,12.7,"b"
23.6,12.5,"b"
78.9,19.7,"b"
71.5,18.6,"b"
71.6,20.2,"b"
68.4,17.7,"b"
67.9,18.7,"b"
58.4,19.4,"b"
66.2,16.5,"b"
60.7,16.3,"b"
56.6,17.2,"b"
53.9,15.9,"b"
40.2,13.6,"b"
47.8,16,"b"
42.2,17.7,"b"
48.6,13.4,"b"
37,13.7,"b"
40.3,13.7,"b"
39.3,12.3,"b"
38.9,12.7,"b"
36.2,13.9,"b"
44.8,14.9,"b"
67.7,20.6,"b"
78.1,22.4,"b"
81.7,18.9,"b"
77.7,19,"b"
63.1,16.7,"b"
60.3,20.8,"b"
59.4,16.4,"b"
52.1,15.1,"b"
42.3,17.6,"b"
51.8,16.1,"b"
40.7,13.4,"b"
40.6,14.6,"b"
44.8,15.3,"b"
51.6,15.1,"b"
41.8,13.9,"b"
49.3,16.5,"b"
78.8,20.5,"b"
76.7,21.4,"b"
57.7,19.5,"b"
61.4,20.2,"b"
60,20.6,"b"
59.3,17.8,"b"
56.7,14.1,"b"
41.4,14.8,"b"
55.1,14.5,"b"
39.7,14.7,"b"
43.1,14.6,"b"
27,13.7,"b"
31.2,14.4,"b"
37.4,13.8,"b"
32.1,12.4,"b"
35.6,12.7,"b"
41.1,15.3,"b"
39.6,13.7,"b"
31.8,12.2,"b"
33.5,14.6,"b"
69.1,22.4,"b"
62.8,19.5,"b"
66.3,18.3,"b"
66.5,20.7,"b"
64.7,20.2,"b"
60.7,18.5,"b"
69.6,17.8,"b"
55.2,17.8,"b"
58.5,17.1,"b"
58,18.4,"b"
48.4,15,"b"
53.6,17.1,"b"
46.1,15.5,"b"
41.2,14.6,"b"
37.5,17,"b"
39.5,14.5,"b"
39.1,15.4,"b"
43.2,15.4,"b"
42.8,13.3,"b"
40,12.7,"b"
62.3,17.2,"b"
59,16.7,"b"
60.3,17.8,"b"
56.1,16.7,"b"
56.5,18,"b"
48.8,15.8,"b"
50.4,17.2,"b"
50.1,14.7,"b"
50.9,16.6,"b"
50.9,14.5,"b"
55.6,15.8,"b"
37.2,13.5,"b"
48.9,16.6,"b"
34.4,14.7,"b"
46.2,13.6,"b"
50,13.8,"b"
42,13.6,"b"
51.1,13.3,"b"
60.5,18.9,"b"
59.1,18.5,"b"
54.4,18.8,"b"
63.1,15.5,"b"
49.3,14.6,"b"
58.1,16.9,"b"
48.9,14.3,"b"
44.5,14.8,"b"
48.4,16.2,"b"
57.8,13.7,"b"
44.6,12.8,"b"
41.3,14.9,"b"
34.7,16.2,"b"
58,17.3,"b"
59.2,20.6,"b"
59.2,17.3,"b"
53.3,18.2,"b"
56.7,17.1,"b"
40.5,15.6,"b"
43.1,15.8,"b"
34.8,12.9,"b"
37.4,13.2,"b"
35.9,13.7,"b"
43.3,12.4,"b"
35.7,12.6,"b"
38.3,12.6,"b"
28.8,14.8,"b"
29,12.9,"b"
33.3,13.4,"b"
36.8,13.1,"b"
73.9,18,"b"
69.1,18.1,"b"
57.4,16.2,"b"
53.1,16.9,"b"
41.7,17.5,"b"
31.6,14.6,"b"
31.1,15.5,"b"
26.6,14.9,"b"
34.3,10.7,"b"
25.7,12.7,"b"
28.9,11.7,"b"
30.1,11.1,"b"
22.8,14.1,"b"
25.8,12.9,"b"
33,12.5,"b"
39.3,15.5,"b"
42.6,14.7,"b"
35.6,15.8,"b"
40.4,14,"b"
43.4,15.8,"b"
54.3,15.4,"b"
54.5,16.2,"b"
47.1,20.1,"b"
48.1,17.8,"b"
50.6,18.3,"b"
62.9,17.5,"b"
63.1,18.9,"b"
60.2,16.5,"b"
63.6,19.2,"b"
56.4,18.9,"b"
45.7,19.5,"b"
65.5,18.2,"b"
69.7,21.2,"b"
84.9,18.5,"b"
61.6,20,"b"
65.4,18.5,"b"
60.5,17.5,"b"
51.4,16.4,"b"
53.8,16,"b"
45.3,15.5,"b"
41.3,15.3,"b"
48.1,16.7,"b"
48.1,15.4,"b"
35.8,14.9,"b"
39.1,13.4,"b"
30.7,13.5,"b"
36.6,13.8,"b"
42.6,16.4,"b"
38.9,15.6,"b"
33.6,16.2,"b"
47,16.4,"b"
46.3,17.5,"b"
58.8,17.6,"b"
62.4,18.9,"b"
66.9,20,"b"
57.1,19.2,"b"
58.3,19.8,"b"
74.2,20.2,"b"
74.1,22.2,"b"
78.1,20.6,"b"
78.5,20.7,"b"
69,18.6,"b"
63,19,"b"
66.6,20.2,"b"
62.1,18,"b"
48,15.4,"b"
53.3,16.7,"b"
43.7,14.8,"b"
43.2,15.9,"b"
35.9,14.1,"b"
38.8,15,"b"
39.3,12.3,"b"
37,13.7,"b"
29.2,14.2,"b"
32.6,12.8,"b"
33.5,12.6,"b"
34.7,12.6,"b"
32.8,10.9,"b"
31.6,14.6,"b"
43.6,15.1,"b"
48.9,15.6,"b"
49.4,17.4,"b"
47.3,15.4,"b"
57.5,17.3,"b"
69,20.6,"b"
67.7,19.2,"b"
60.5,18.4,"b"
93.2,18.5,"c"
93.4,18.4,"c"
93.2,19.1,"c"
80.7,16,"c"
76.2,17.6,"c"
56.6,16.9,"c"
65,16,"c"
60.7,15.1,"c"
60.9,12.5,"c"
61.4,12.9,"c"
54.4,12.1,"c"
52.3,13.5,"c"
55.1,13,"c"
48,9.5,"c"
42,10.5,"c"
46.4,7.1,"c"
34.1,9.6,"c"
39.9,10.5,"c"
34.6,8.9,"c"
45.6,7.7,"c"
31.6,9.3,"c"
30.4,8.7,"c"
40.8,10.8,"c"
31.1,8.2,"c"
50.7,6.9,"c"
40.5,8.1,"c"
28,10.9,"c"
29.4,8.6,"c"
31.1,7.7,"c"
33.4,8.1,"c"
39.1,8.7,"c"
34.5,5.6,"c"
36.7,6.9,"c"
32.7,7.1,"c"
26.1,8.2,"c"
33.1,7.4,"c"
35.4,7.2,"c"
23.8,7.1,"c"
25.9,4.9,"c"
25.6,8.9,"c"
31.7,7.4,"c"
27.4,8.5,"c"
30.7,8.4,"c"
100.1,19,"c"
90.2,19.4,"c"
89.3,16.4,"c"
81.5,16.5,"c"
72.3,17.5,"c"
59.6,13.6,"c"
58.6,12.7,"c"
48,12.2,"c"
47.3,9.6,"c"
48.2,9,"c"
46.7,10.2,"c"
45.4,7,"c"
28.1,9.6,"c"
44.1,9.1,"c"
38.4,8,"c"
25.6,8.6,"c"
40.5,8.6,"c"
35.8,8,"c"
38,11,"c"
33.8,8.6,"c"
45.7,9.7,"c"
45.9,10.5,"c"
59.3,11.6,"c"
61,13.2,"c"
68.3,15.4,"c"
71.1,14.8,"c"
78.5,14.4,"c"
74.2,15.2,"c"
77.7,15.5,"c"
76,18.3,"c"
83.6,18.9,"c"
89.4,16.6,"c"
84.4,16.7,"c"
88.9,17.2,"c"
88.9,20.9,"c"
87.8,19.2,"c"
94.4,19.9,"c"
97.9,20.5,"c"
94.7,22,"c"
80.3,21.8,"c"
87.4,19.5,"c"
84.4,17.8,"c"
91.4,18.7,"c"
80.8,16.9,"c"
88.2,16.1,"c"
81.3,16,"c"
74.2,15.1,"c"
67.4,16.5,"c"
66.7,17.4,"c"
69.9,12.9,"c"
62.1,14.1,"c"
58,13.1,"c"
66.8,13.5,"c"
65.1,12.3,"c"
60,12.7,"c"
57.9,9.8,"c"
51,10.9,"c"
60.3,11.8,"c"
55.9,10.4,"c"
52.3,11.4,"c"
61.7,8.8,"c"
90.5,18.6,"c"
92.2,14.9,"c"
89.2,17.5,"c"
65.4,16.9,"c"
77.1,17.7,"c"
68.2,15.5,"c"
75,14.5,"c"
62.2,13.3,"c"
56.3,13.1,"c"
55.2,13,"c"
58,14.4,"c"
58.1,10.3,"c"
58,12.2,"c"
60.7,10.3,"c"
59.6,9.8,"c"
52.9,9.3,"c"
57.6,11,"c"
96.3,18.5,"c"
86.9,15.1,"c"
80.9,17.2,"c"
68.4,15.3,"c"
60.4,12.7,"c"
50,12.4,"c"
59.5,11.6,"c"
56.7,10.3,"c"
49,10.4,"c"
52.9,8.2,"c"
51.1,11.4,"c"
56,8.2,"c"
38.6,8.7,"c"
44.2,10.8,"c"
52.3,11.6,"c"
50.1,9.7,"c"
100.2,18.6,"c"
100,17.5,"c"
101.3,17.4,"c"
82.9,15.1,"c"
77.7,16.1,"c"
81.8,14.5,"c"
76,14.8,"c"
68.6,11.9,"c"
80.5,13.4,"c"
76.2,10.4,"c"
59.4,12.1,"c"
53,10.7,"c"
57.8,10,"c"
58.8,9.1,"c"
61.7,11,"c"
48.8,10.5,"c"
53.1,9.2,"c"
53.5,8.9,"c"
68.8,13.5,"c"
74.8,16.2,"c"
68.1,14.2,"c"
63.3,12.1,"c"
61.4,11.7,"c"
48.7,11.7,"c"
41.9,7.4,"c"
40.7,8.5,"c"
35.8,8.8,"c"
38,6,"c"
34.1,8.2,"c"
34.7,8,"c"
43.3,6.9,"c"
43.9,7.8,"c"
36.8,7.9,"c"
35.9,8.5,"c"
47.8,10.4,"c"
52.1,9.7,"c"
51.5,11.5,"c"
64,17.3,"c"
77,15.4,"c"
80,15.8,"c"
75.6,17,"c"
78.8,14.5,"c"
78.7,17.6,"c"
83.3,17,"c"
79.9,16.4,"c"
87.3,13.9,"c"
76.2,15.5,"c"
75.9,15.1,"c"
82.4,19,"c"
75.9,15.4,"c"
85.6,14.8,"c"
86.2,17.3,"c"
64.6,15.2,"c"
62.1,15,"c"
63.9,12.7,"c"
58.5,11.6,"c"
59.1,12.4,"c"
46.6,12.8,"c"
44.3,12.4,"c"
44.8,10.2,"c"
49.1,10.3,"c"
46.2,11,"c"
42,7.6,"c"
51.5,11.4,"c"
60.3,13,"c"
61,14.2,"c"
62.2,16.5,"c"
69.4,15,"c"
76.3,16.3,"c"
81.5,19.2,"c"
82,19,"c"
88.4,19.8,"c"
82.8,20,"c"
92.3,19.9,"c"
87.6,17.4,"c"
78.9,15.9,"c"
67.6,15.5,"c"
62.6,14.6,"c"
63.5,13.5,"c"
63,12.3,"c"
54.5,10.7,"c"
50.1,11.4,"c"
51.6,9.5,"c"
37.2,10.3,"c"
51,10.4,"c"
53,9.8,"c"
46.1,9.5,"c"
62.8,11.6,"c"
72.4,11.5,"c"
74.4,13.3,"c"
80.7,12.5,"c"
82.8,15,"c"
82.9,15.7,"c"
88.3,16.7,"c"
84.7,14.9,"c"
91.7,14.9,"c"
86.6,16.5,"c"
82,18.5,"c"
88,17.9,"c"
90.7,15.8,"c"
78.5,17.5,"c"
79.8,12.5,"c"
73.5,15.2,"c"
56.1,14.7,"c"
65.1,13.5,"c"
56.5,10.5,"c"
48.7,10.8,"c"
44.9,11.8,"c"
47,9.2,"c"
55.7,8.5,"c"
53.8,9.5,"c"
45.3,10.8,"c"
44.5,9.4,"c"
44.8,12.6,"c"
58.5,10.3,"c"
64.5,13.9,"c"
65.6,14.6,"c"
65.4,13.9,"c"
69,16.4,"c"
69.1,18.6,"c"
86.4,18.9,"c"
83.1,19.4,"c"
83,20,"c"
84.2,19.2,"c"
74.5,20.1,"c"
84,16.8,"c"
80.9,16.8,"c"
89.3,19.7,"c"
74.7,14.2,"c"
76.5,16.1,"c"
59.2,15.6,"c"
56.6,10.9,"c"
50.3,13.1,"c"
43.8,11.5,"c"
51.9,13.2,"c"
45.6,10.1,"c"
48.9,11.7,"c"
44.3,10.9,"c"
40.9,12,"c"
36.1,12.1,"c"
46.6,10.5,"c"
61.5,13.1,"c"
60.5,15.7,"c"
78.5,16.8,"c"
77.5,17.6,"c"
83.8,18.1,"c"
78.7,17.4,"c"
81.1,19.5,"c"
92.7,21.1,"c"
83.8,19.1,"c"
85.9,15.7,"c"
80.5,19.5,"c"
84,16.7,"c"
69.4,15.3,"c"
64,11.5,"c"
55.1,15.4,"c"
50,11.2,"c"
54.3,12,"c"
51.1,12.4,"c"
51,11.8,"c"
54,12.1,"c"
56.5,11.9,"c"
45,10.6,"c"
53.8,11.4,"c"
46.6,12.1,"c"
56.7,12.6,"c"
62.1,15,"c"
74.7,17,"c"
73.3,14.5,"c"
63.9,18,"c"
78.7,17.1,"c"
79,17.3,"c"
76.5,19.4,"c"
91.3,18.5,"c"
87,18.5,"c"
77.5,17.9,"c"
74.3,16.3,"c"
61.1,13.8,"c"
68.1,14.7,"c"
64,12.3,"c"
53,13.7,"c"
63.5,10.5,"c"
49.3,12,"c"
49,9.8,"c"
52.6,9.6,"c"
48.1,13.1,"c"
41.6,10.6,"c"
45.8,9.9,"c"
54.9,13.3,"c"
59.7,12.7,"c"
67.1,12.6,"c"
74.7,16.7,"c"
76.5,14,"c"
86.4,14.8,"c"
88.3,17.8,"c"
87,20.3,"c"
93,17.9,"c"
73.7,13.9,"c"
91.6,20.2,"c"
80.9,17.8,"c"
102.5,19.5,"c"
90.4,15.5,"c"
69.9,14.9,"c"
74.2,12.9,"c"
65.6,12.3,"c"
71.4,11.1,"c"
58.8,8.1,"c"
52.4,11.8,"c"
52.4,9.9,"c"
50.9,8.8,"c"
52.6,8.2,"c"
46.4,11.5,"c"
44.3,8.1,"c"
57.8,9.3,"c"
50.6,7.4,"c"
50.5,8.7,"c"
52.8,13.1,"c"
69.5,9.8,"c"
75.5,13.2,"c"
66.5,16.3,"c"
85.8,15.7,"c"
84.3,18.8,"c"
92.3,17.8,"c"
83.5,17.9,"c"
87.6,16.2,"c"
81.9,18.4,"c"
87.3,17.4,"c"
79.7,13,"c"
84,12.7,"c"
79.4,13.7,"c"
56.6,12.8,"c"
55.4,13.3,"c"
50.8,8.6,"c"
59.9,9,"c"
52.7,7.2,"c"
47.8,9.7,"c"
51.5,8.2,"c"
52.6,11,"c"
54.6,11.1,"c"
54.9,9.6,"c"
65.8,12.5,"c"
60,13.7,"c"
64.5,12,"c"
66.6,13.5,"c"
84.4,15.2,"c"
77.2,15,"c"
84.7,15.8,"c"
79.6,17.2,"c"
83,17.5,"c"
90,17,"c"
88.1,15.7,"c"
78,18,"c"
73.4,14.4,"c"
72.5,16.5,"c"
70.9,13.7,"c"
65.2,13.4,"c"
55,11.1,"c"
60,9,"c"
54.3,7.9,"c"
53.6,9.5,"c"
54.5,8.4,"c"
49.1,6.8,"c"
48.3,6.2,"c"
40.4,8.3,"c"
39.4,10.8,"c"
55.8,8.5,"c"
47.8,9.5,"c"
57.9,8.7,"c"
54.5,11.9,"c"
71.3,10.5,"c"
76.6,14.7,"c"
78.6,14.5,"c"
87.4,15.3,"c"
81.6,15.6,"c"
75.9,13.8,"c"
92.4,14.6,"c"
74.1,15.3,"c"
87.2,15.7,"c"
80,13.4,"c"
57.7,11.4,"c"
53.5,10.7,"c"
46.8,11.5,"c"
59.2,11.2,"c"
43.7,9.2,"c"
42.6,10.5,"c"
45.3,10.5,"c"
42.6,9.4,"c"
36.2,7.4,"c"
48,8.1,"c"
47,10.1,"c"
54.6,11.3,"c"
60.7,13.4,"c"
66.3,17.8,"c"
79.5,15.3,"c"
73.4,17.5,"c"
69.3,14.5,"c"
83.8,16,"c"
71.5,16.6,"c"
103.2,16.9,"c"
84.8,17.3,"c"
80,18.7,"c"
68.2,18.2,"c"
74,14.1,"c"
57.5,15,"c"
51.3,11.4,"c"
51.1,10.3,"c"
48,12,"c"
40.5,11.8,"c"
47.8,11.8,"c"
44.7,10.9,"c"
50.3,9.8,"c"
40.1,9.8,"c"
42.9,11,"c"
58.9,11.3,"c"
52.9,12.2,"c"
58.1,11.8,"c"
71.3,14.4,"c"
70.2,16.3,"c"
78.5,14.4,"c"
76.2,16.1,"c"
80.3,17.4,"c"
77.9,16.3,"c"
73.8,16.6,"c"
79.4,16.9,"c"
80.5,15.4,"c"
76.7,14.7,"c"
69.3,9.8,"c"
60,12.2,"c"
55.1,11.7,"c"
56.2,11.6,"c"
53.8,10.5,"c"
51.8,9.8,"c"
49.3,13.1,"c"
52.2,11.7,"c"
53.3,11.9,"c"
53.2,10.2,"c"
39.7,11.4,"c"
45.4,10,"c"
60.2,13,"c"
56.3,14.4,"c"
75.7,16.5,"c"
72.2,15.9,"c"
79.7,16.2,"c"
78.1,18.3,"c"
82.3,17.5,"c"
78,14.5,"c"
85.8,17.2,"c"
78.2,15.2,"c"
76.4,15.1,"c"
65.7,12.4,"c"
64.5,13.2,"c"
60.1,9.7,"c"
56.1,10.3,"c"
55.7,9.5,"c"
49.2,9,"c"
50.7,11,"c"
45.8,7.8,"c"
49.3,9.2,"c"
39.8,6.9,"c"
45.2,9.2,"c"
50.8,10.1,"c"
57,8.5,"c"
61.4,11.3,"c"
61,13.8,"c"
72.5,12.5,"c"
80.7,16.2,"c"
82.9,16,"c"
70,16.3,"c"
75.8,14.4,"c"
96.8,16.4,"c"
86,16,"c"
86,14.6,"c"
72,14.2,"c"
71,12.4,"c"
47.8,11.8,"c"
49.9,10.9,"c"
53.4,9.5,"c"
43.8,9.1,"c"
47,9.6,"c"
79.1,18.4,"c"
71.6,15.1,"c"
70.1,16.3,"c"
60.6,14.1,"c"
47.1,11.5,"c"
51,11.1,"c"
53.2,9.3,"c"
44.7,11.4,"c"
41.2,9.9,"c"
92.5,15.5,"c"
90.7,18.1,"c"
85.7,15,"c"
80.8,15.3,"c"
77.7,17.6,"c"
70.3,14.4,"c"
63.8,12.9,"c"
53.7,10.3,"c"
50.6,10.5,"c"
44.4,8.8,"c"
31.2,9.5,"c"
47.4,8.1,"c"
74.9,15.8,"c"
84.7,15.4,"c"
74.7,16.6,"c"
73.9,14.3,"c"
65.8,10.3,"c"
61.8,13.4,"c"
52,11.8,"c"
49.6,7.8,"c"
52.2,9.4,"c"
53.8,8.8,"c"
51.4,11,"c"
52.3,10.9,"c"
109.6,16.5,"c"
101.1,16.7,"c"
96.4,19.7,"c"
81.7,16.9,"c"
80.7,12.2,"c"
65.9,15.1,"c"
67.4,11.6,"c"
62.2,12.4,"c"
50,12.1,"c"
55.3,12,"c"
59.2,11.4,"c"
55.8,9.4,"c"
58.6,9.6,"c"
99.3,19.6,"c"
97.2,18.7,"c"
86,17.2,"c"
87.7,17.6,"c"
91.4,14.7,"c"
74.8,14.8,"c"
82.7,14.5,"c"
71.3,15.8,"c"
78.7,15.6,"c"
85.9,12.4,"c"
71.6,14.4,"c"
59.7,14.5,"c"
60,12.5,"c"
66.8,12.8,"c"
58.5,11.7,"c"
69.3,10.6,"c"
59.6,13.1,"c"
58.5,12.6,"c"
61.3,12.2,"c"
63.2,13,"c"
63.8,11.6,"c"
57.8,11.6,"c"
93.9,17.3,"c"
79.9,18,"c"
89.3,14.9,"c"
81.8,13.2,"c"
63.3,11.9,"c"
65.2,12.4,"c"
55.1,12.5,"c"
58.3,11.2,"c"
59.9,13.2,"c"
94.5,16.8,"c"
92.9,16,"c"
86.5,15.6,"c"
77.6,15.6,"c"
70.3,12.9,"c"
52.3,8.6,"c"
57.9,11,"c"
45.1,8.2,"c"
68.7,12.1,"c"
59.7,8.8,"c"
77.6,17.8,"c"
77.3,18.8,"c"
79.2,15,"c"
81.7,14.9,"c"
70.4,12.4,"c"
57.1,10.7,"c"
56.6,11.8,"c"
62.3,11.3,"c"
52.7,9.1,"c"
58.6,13,"c"
54.6,11.3,"c"
43,9.9,"c"
88.2,16.1,"c"
93,15.1,"c"
71.5,14.9,"c"
67.2,12,"c"
42.2,10.6,"c"
53,9.4,"c"
44,6.9,"c"
47.7,10.3,"c"
51.5,11,"c"
81.6,16.7,"c"
94.3,17,"c"
85.6,18.7,"c"
83.3,14.1,"c"
73.2,14.5,"c"
64.9,11.9,"c"
52,11.4,"c"
48.6,10.6,"c"
54.1,9.6,"c"
51.7,11.7,"c"
47,9.6,"c"
59,10.1,"c"
47.9,10.7,"c"
72.5,15.8,"c"
72.1,15,"c"
73.1,13.1,"c"
60.6,13.1,"c"
56.1,10.4,"c"
49.1,11.4,"c"
47.5,11.1,"c"
45.4,11.9,"c"
44.2,7.7,"c"
41.7,8.9,"c"
37.8,9.8,"c"
39,8.6,"c"
44.3,9.3,"c"
52.8,10.4,"c"
51.9,9.8,"c"
48.2,11.1,"c"
50.2,10.7,"c"
61.8,13.2,"c"
63.8,13.3,"c"
75.9,13,"c"
64.1,11.6,"c"
74.5,15.6,"c"
66.8,12.1,"c"
62.1,13.5,"c"
72.9,11.7,"c"
69.4,14.6,"c"
74.2,15.8,"c"
72.5,12.8,"c"
63.8,14.2,"c"
68.6,14.9,"c"
65.3,15.4,"c"
79.1,13.4,"c"
91.8,14.2,"c"
68.7,15.2,"c"
74.4,14.9,"c"
82,14.1,"c"
65.6,15,"c"
65,12.6,"c"
59,12.9,"c"
58.7,13.6,"c"
50.2,11.1,"c"
50.8,11.6,"c"
48.7,8,"c"
50.5,8.1,"c"
43.5,11.2,"c"
47.6,10.9,"c"
48.3,11.6,"c"
49.3,9.9,"c"
63.7,8.9,"c"
59.7,12.7,"c"
68.9,13.3,"c"
68.7,14.5,"c"
74.1,16.2,"c"
77.5,15.6,"c"
81.5,15.4,"c"
76.3,17.3,"c"
79.8,14.6,"c"
79.5,16.9,"c"
91.4,16.2,"c"
76.6,14.9,"c"
82.2,12.9,"c"
74.4,14.9,"c"
67.3,13.9,"c"
60.9,14.6,"c"
64.1,11.4,"c"
65.5,11.1,"c"
65.8,7.5,"c"
58.9,10,"c"
47.6,11.5,"c"
51,10.7,"c"
45.8,11.5,"c"
54.6,10.5,"c"
57.6,9.1,"c"
50.7,11.6,"c"
59.7,11.2,"c"
57.5,11.3,"c"
67.9,13.1,"c"
63.9,14,"c"
68,11.2,"c"
69,13.3,"c"
65.6,11.7,"c"
74.6,12.9,"c"
66.5,16.1,"c"
76.4,13.5,"c"
79,13.1,"c"
76.7,13.9,"c"
77.8,15.2,"c"
85.7,15.9,"c"
86.6,17.6,"c"
86.1,14.1,"c"
72.2,13.2,"c"
65.7,12.6,"c"
60.7,14.3,"c"
63.7,14.2,"c"
55.6,9.9,"c"
66.6,11.3,"c"
57.4,10.5,"c"
60.9,8.4,"c"
60.2,11.5,"c"
64.4,11.7,"c"
53.6,11.3,"c"
62.1,10.6,"c"
57.1,11.3,"c"
61.7,11.3,"c"
70.7,11.9,"c"
68.7,14.3,"c"
76.8,15.2,"c"
78.9,16,"c"
81.6,19.1,"c"
88.1,17.3,"c"
73.7,16.7,"c"
88.8,13,"c"
83.9,18.5,"c"
88.1,16.6,"c"
89.2,13.8,"c"
78.9,16.5,"c"
84.5,16.7,"c"
71.9,14.3,"c"
75.2,18.1,"c"
97,16.4,"c"
91.4,17,"c"
86.2,17.6,"c"
76.4,15.1,"c"
81.3,12.6,"c"
86.3,15.9,"c"
77.8,14.5,"c"
74.2,14,"c"
73.3,14.4,"c"
77.2,13.9,"c"
67.2,13.1,"c"
67.4,13,"c"
64.4,12,"c"
70.9,10.7,"c"
64.6,11.6,"c"
71.7,12.5,"c"
75.9,16.3,"c"
75.7,14.1,"c"
72,15.8,"c"
67.4,13.9,"c"
69.9,14.4,"c"
66.9,16.7,"c"
62.6,15,"c"
75.3,13.7,"c"
69.8,13.3,"c"
62,14.9,"c"
54.2,12,"c"
58.3,13.2,"c"
60.1,12.9,"c"
73.8,15.9,"c"
81.1,15.5,"c"
72.5,12.8,"c"
68.6,11.6,"c"
65.5,11,"c"
50.4,11.4,"c"
52.4,10.3,"c"
55.7,10.9,"c"
75.4,15.6,"c"
61.3,12.4,"c"
65.1,14.5,"c"
56.6,11.2,"c"
56.5,13.2,"c"
63.6,14.2,"c"
61.2,13.6,"c"
56.3,5.7,"d"
56.1,4.6,"d"
57.7,4.6,"d"
81.1,8.5,"d"
82.3,7.6,"d"
74.1,10.1,"d"
89.2,11.4,"d"
88.7,12.3,"d"
93.5,13.9,"d"
97.8,13.1,"d"
91.4,14.6,"d"
101.9,15.3,"d"
91.4,14.9,"d"
112.5,12.5,"d"
99.6,12.1,"d"
99.3,13.1,"d"
101.3,16,"d"
116,14.2,"d"
115.9,15,"d"
105,14.5,"d"
87.7,13.4,"d"
79.6,11,"d"
82.9,10,"d"
74.6,11.1,"d"
69.2,9.5,"d"
69.5,6.9,"d"
68.1,8.9,"d"
67.1,6.9,"d"
67.5,6.2,"d"
59.8,6,"d"
67.7,5.4,"d"
74.1,4.9,"d"
74.5,8.2,"d"
81.4,7.3,"d"
86.2,11.3,"d"
86.5,11.2,"d"
96.2,13.9,"d"
99.2,11.4,"d"
106.5,11.8,"d"
104.8,11.3,"d"
99.8,12.7,"d"
108.8,13.9,"d"
106.9,13.2,"d"
100.1,11.4,"d"
102.9,11.2,"d"
109.3,9.7,"d"
84.3,10.6,"d"
88.5,6.8,"d"
78,7.4,"d"
81.2,10.2,"d"
75.7,5.4,"d"
76.9,3.2,"d"
86.2,7.8,"d"
85.7,7.3,"d"
77.2,7.9,"d"
85.1,4.7,"d"
88.5,5.9,"d"
93.6,9.4,"d"
97.6,8.9,"d"
107.4,12.3,"d"
105.5,11.8,"d"
102.3,10.6,"d"
114.6,10.4,"d"
113.3,12.2,"d"
113.7,11.1,"d"
112.5,10.1,"d"
106.4,11.1,"d"
107.9,11.7,"d"
94.5,8.3,"d"
99.9,9.5,"d"
93,7.6,"d"
87,8.6,"d"
100,5.2,"d"
79.3,6.8,"d"
86,8,"d"
91.1,5.6,"d"
95.4,7.2,"d"
75,6.5,"d"
85.8,8.4,"d"
105.4,12.1,"d"
110.3,10.4,"d"
113.8,11.7,"d"
118.3,13.3,"d"
123.6,14.5,"d"
127.3,13.5,"d"
113.6,13.6,"d"
107,13.1,"d"
107.5,11.4,"d"
106.3,13.6,"d"
90.2,12.8,"d"
92.7,11.3,"d"
91.1,10.5,"d"
86.8,8.8,"d"
77.4,9.4,"d"
80.7,6.1,"d"
68.7,8.4,"d"
75.9,7.8,"d"
74.3,9,"d"
78.1,7,"d"
72.8,10.5,"d"
81.8,10.6,"d"
91.9,10,"d"
95.2,11.9,"d"
92.3,11.8,"d"
112,13.7,"d"
108.2,13.7,"d"
101.5,12.8,"d"
108.9,14.8,"d"
104.3,12.2,"d"
95.8,12,"d"
84.1,10.5,"d"
62.7,9.8,"d"
71.4,8.3,"d"
69.3,9.7,"d"
59.5,6.8,"d"
71.1,8.3,"d"
61.5,8.6,"d"
61.1,7.8,"d"
65.6,8.8,"d"
64.7,10.3,"d"
90.1,13.5,"d"
96.2,11.2,"d"
103.1,15.1,"d"
98.8,14.7,"d"
101.4,16.7,"d"
105.7,14.8,"d"
109.9,14,"d"
111,16.6,"d"
107.4,13.7,"d"
105,11.9,"d"
103.8,13.5,"d"
87.7,10.1,"d"
81.2,9.2,"d"
72.6,8.2,"d"
73.4,9.3,"d"
82.4,9.2,"d"
80.4,11,"d"
75.4,9,"d"
92.5,8.9,"d"
94.4,12.5,"d"
99.4,12.8,"d"
107.9,11.4,"d"
106.1,13.7,"d"
113.3,13.6,"d"
111.1,14.1,"d"
99.2,13.1,"d"
86.5,10.6,"d"
79.7,9.6,"d"
71,8.3,"d"
70.9,8.7,"d"
75.4,7.5,"d"
73.6,7,"d"
60.9,7.2,"d"
71.8,4.1,"d"
63.6,8.8,"d"
69,7.6,"d"
73,10.6,"d"
87.1,12,"d"
98.1,12.3,"d"
99.3,13.9,"d"
108.1,14.1,"d"
95.9,12.2,"d"
106,12.3,"d"
95.6,10.9,"d"
95.7,9.3,"d"
96,10.2,"d"
93.6,10,"d"
75.5,5.5,"d"
79.2,8.6,"d"
77,6.4,"d"
73.5,3.7,"d"
83.2,8.6,"d"
81.5,8.5,"d"
84.1,11,"d"
89.8,11.1,"d"
94.1,10.4,"d"
99.2,12.5,"d"
105.8,11.8,"d"
105,14,"d"
92.6,11.1,"d"
88.9,9.8,"d"
89.2,7.7,"d"
82.2,9,"d"
77.8,8,"d"
66.4,9.5,"d"
69.7,9.5,"d"
94.2,10.6,"d"
82.8,9,"d"
72.7,9.7,"d"
80.7,8,"d"
74.2,6.9,"d"
79.5,8.3,"d"
78.3,6.6,"d"
76.1,8.6,"d"
73.5,7.6,"d"
89.8,12.9,"d"
87.9,10,"d"
81.9,10.6,"d"
86.4,10.7,"d"
82.4,9.1,"d"
77,8.6,"d"
74.2,8.9,"d"
82.2,9.6,"d"
89.7,12.1,"d"
85.7,11.8,"d"
86.1,8.2,"d"
82.7,9.6,"d"
78.2,10.9,"d"
79.3,10.3,"d"
93.6,10.2,"d"
104,14.5,"d"
104.3,11,"d"
100.6,13.2,"d"
91.1,12.1,"d"
74.6,8.4,"d"
89.1,9.9,"d"
89.5,9.2,"d"
79.6,10.8,"d"
83,8.8,"d"
105.1,12.1,"d"
97.1,13.4,"d"
108.1,12.7,"d"
103.2,11.9,"d"
97,11.4,"d"
91,13,"d"
92.5,11.4,"d"
87.4,11.5,"d"
84.8,8.8,"d"
80.2,7.9,"d"
86.4,9.7,"d"
103.7,12.4,"d"
90.1,11.1,"d"
88,11.2,"d"
74.4,6.7,"d"
78.3,6.1,"d"
61.1,6.7,"d"
77.1,6.8,"d"
69.9,6.3,"d"
100.2,15.2,"d"
98.7,11.2,"d"
84.6,11.3,"d"
90.6,10.8,"d"
80.7,9.5,"d"
85,8.2,"d"
84.1,7.6,"d"
84.3,8,"d"
80,7.6,"d"
89.1,11,"d"
104.7,13.6,"d"
106.7,15.8,"d"
100.3,13.4,"d"
97.2,13.5,"d"
99.2,11.9,"d"
94.8,11.4,"d"
95.5,8.9,"d"
85,10.2,"d"
86.1,9.2,"d"
87.4,10.8,"d"
84.9,9.1,"d"
85.1,8.3,"d"
78.9,7.2,"d"
83,10.7,"d"
86.9,12.7,"d"
97.6,10.8,"d"
100.2,11.9,"d"
109.6,11.7,"d"
98.8,11.6,"d"
107,11.5,"d"
107.7,13.8,"d"
111,12.3,"d"
106,10.7,"d"
79,7.3,"d"
95.4,6.1,"d"
78.2,6.9,"d"
77.4,5.6,"d"
79,7.3,"d"
79.6,5.9,"d"
83.7,6.5,"d"
74.9,6.7,"d"
83,7.5,"d"
89.1,8.1,"d"
103.7,11.9,"d"
100.2,15,"d"
104.6,12.4,"d"
111.2,10.8,"d"
103.6,11.6,"d"
89.6,10.4,"d"
89.9,9,"d"
88.6,8.5,"d"
73.6,8.5,"d"
77,7.6,"d"
86.3,7.4,"d"
78.3,6.9,"d"
78,5.5,"d"
83.4,8.1,"d"
82.6,9.3,"d"
96.5,9,"d"
100.8,11.3,"d"
91,13.3,"d"
96.8,14.6,"d"
94.5,14.2,"d"
104.5,15.2,"d"
93.6,13.8,"d"
93.2,13.7,"d"
85.8,10.4,"d"
87.1,9.7,"d"
73.8,12.2,"d"
74.4,8.4,"d"
63.9,10.1,"d"
63.8,10.9,"d"
76.7,10.8,"d"
63.2,10.7,"d"
63.9,11.5,"d"
73,8.9,"d"
95.1,16.4,"d"
85.1,16.5,"d"
80.4,13.3,"d"
78.6,11.9,"d"
69.2,11.9,"d"
66.3,13,"d"
65.2,10.3,"d"
57.4,10.3,"d"
62.8,10.5,"d"
64.4,8.6,"d"
62.2,9.9,"d"
60.4,8.3,"d"
98.1,16.3,"d"
90.1,15.2,"d"
90.6,17,"d"
88.4,16.5,"d"
75.9,11.7,"d"
59,11.9,"d"
74.4,9.9,"d"
58.7,8.1,"d"
63.7,9.6,"d"
65.1,9.8,"d"
97.3,14.3,"d"
91.1,15.3,"d"
92.3,13.1,"d"
93.1,13.3,"d"
84.8,9.6,"d"
73.7,8.3,"d"
63.4,9.8,"d"
70.5,7.9,"d"
77.2,6.7,"d"
70.2,9.8,"d"
70,7.8,"d"
111.6,14.1,"d"
114,14.8,"d"
95.6,13.3,"d"
99.4,11.8,"d"
87.8,9.6,"d"
82.6,9.6,"d"
73.3,7.8,"d"
78.5,8.8,"d"
78.4,9.2,"d"
75.5,7.2,"d"
77.4,4.7,"d"
77,7,"d"
109.2,16.6,"d"
108.1,15.1,"d"
101.7,12.2,"d"
90.2,14.6,"d"
93.7,8.9,"d"
84.3,10.2,"d"
84,12.1,"d"
82,8.4,"d"
77.4,7.7,"d"
73.6,7.3,"d"
83.6,9.1,"d"
83.8,6.5,"d"
70.6,8.5,"d"
74.2,8.4,"d"
73.2,5.3,"d"
76,10.1,"d"
63.5,5.6,"d"
62.8,5.5,"d"
66.9,8,"d"
83.1,7.2,"d"
84.9,7.8,"d"
74.3,9.9,"d"
78.4,10.8,"d"
88.8,11,"d"
94.5,12.4,"d"
94,11.8,"d"
97.7,13,"d"
103,14.7,"d"
98.3,11.9,"d"
72.7,6.2,"d"
75.5,6.8,"d"
82.4,10.5,"d"
89.1,10,"d"
98,13.4,"d"
103.8,13.8,"d"
87.7,14.9,"d"
95.7,14,"d"
95.9,12.7,"d"
80,6.1,"d"
83,7.7,"d"
84.4,6.5,"d"
92.5,10.2,"d"
95.6,8.9,"d"
104.6,13.4,"d"
107.2,14.6,"d"
117,12.4,"d"
113.2,16.4,"d"
112.7,14.9,"d"
111.8,16.3,"d"
110.8,13.2,"d"
101,11.9,"d"
96.4,10.1,"d"
88.1,9.9,"d"
88.3,7.3,"d"
77.8,7.2,"d"
84.2,7.6,"d"
81.2,7.8,"d"
74.5,7.1,"d"
81.8,7,"d"
102.9,15.6,"d"
93.5,11.8,"d"
83.2,10.3,"d"
79,7.4,"d"
79,6,"d"
69.1,5.7,"d"
64.2,6.2,"d"
64.8,6.3,"d"
79.4,6.1,"d"
66.1,5,"d"
68.1,4.3,"d"
62.3,4.1,"d"
59.7,2.9,"d"
69.4,5.2,"d"
64.4,2.9,"d"
73.9,3.6,"d"
71.1,5.8,"d"
70.7,4.1,"d"
108.3,16.8,"d"
108.5,16,"d"
115.4,14.2,"d"
100.3,17.1,"d"
100.7,13.5,"d"
101.9,12.7,"d"
84.6,10.3,"d"
80.3,11,"d"
88.8,10.1,"d"
90,8.6,"d"
78.9,7.7,"d"
80.1,8.2,"d"
73.7,10.7,"d"
82,9,"d"
72.7,5.4,"d"
78.7,8,"d"
97.1,8.3,"d"
106.9,12.7,"d"
109.8,8.7,"d"
121,16.1,"d"
108.3,14.3,"d"
114.4,15,"d"
113,16.7,"d"
110.5,14.8,"d"
115.1,15.1,"d"
103.7,16.3,"d"
123.9,16,"d"
111.9,17.2,"d"
106.3,12.8,"d"
99.5,13.8,"d"
90.5,14.1,"d"
90.3,11.7,"d"
87,11.7,"d"
83.1,8.9,"d"
85.3,8,"d"
88.1,7.4,"d"
122.5,16.6,"d"
117.9,14.7,"d"
115.8,15.6,"d"
110.6,12.9,"d"
105.3,13.6,"d"
92.4,10.7,"d"
89.8,10.5,"d"
90.1,8.1,"d"
85.2,9.4,"d"
86.5,9.8,"d"
82.2,10.4,"d"
84.6,6.6,"d"
121.3,14.7,"d"
120.5,13.5,"d"
99.6,10.4,"d"
96.5,12.3,"d"
91.5,10.5,"d"
88.7,7.5,"d"
76.5,5.2,"d"
74.3,5.7,"d"
76.8,5.7,"d"
119.7,16.9,"d"
109.8,16.9,"d"
111.8,13.2,"d"
103.1,12.3,"d"
96.1,11.7,"d"
76.4,9.9,"d"
69,5.9,"d"
68.9,5.4,"d"
104.5,17.1,"d"
109,13.8,"d"
111.9,14.4,"d"
109.1,12.1,"d"
109.1,14.3,"d"
101.1,10.8,"d"
89.2,12,"d"
89.2,9,"d"
79.1,9.7,"d"
78.4,7.6,"d"
72.5,7.8,"d"
63.2,9.1,"d"
73,8.1,"d"
67.5,7.7,"d"
72,6.4,"d"
72.6,7.3,"d"
76.5,7.5,"d"
87.6,10.6,"d"
112.4,13.9,"d"
115.7,13.2,"d"
120,14.7,"d"
119.6,16,"d"
118.2,15.4,"d"
118.7,16.6,"d"
116.8,14.3,"d"
121.9,17.2,"d"
119.9,15.9,"d"
101.8,15.8,"d"
94.4,12.5,"d"
78.8,7.3,"d"
72.9,10.5,"d"
78.8,6.3,"d"
78.5,9.2,"d"
72,8.3,"d"
59.5,9,"d"
69.9,4.5,"d"
64.6,6.7,"d"
60.6,6.5,"d"
76.2,8.2,"d"
75.1,11,"d"
87.1,13.6,"d"
105.8,13,"d"
117.1,15,"d"
116.2,14.6,"d"
123.3,15.5,"d"
114.2,14.5,"d"
108.6,16.8,"d"
105.2,13.7,"d"
95.1,14.3,"d"
102.5,9.5,"d"
88.2,9.4,"d"
80.6,9.4,"d"
66,9.4,"d"
63.7,5.4,"d"
79.9,7.6,"d"
75.2,6.5,"d"
108.6,17,"d"
117.1,16.1,"d"
106.7,15.8,"d"
90.7,10.6,"d"
79.5,13.7,"d"
63,11.3,"d"
48.1,9,"d"
51,9.6,"d"
47.8,7.8,"d"
42.1,9.4,"d"
56.3,9.8,"d"
68.2,11.8,"c"
59.1,13.8,"c"
54.6,12.9,"c"
55.8,8,"c"
46.4,8.7,"c"
60.3,7.2,"c"
47,8.6,"c"
55.2,4.8,"c"
55.4,6.7,"c"
52.8,6.3,"c"
49.6,6,"c"
41.9,14,"b"
38.9,12.5,"b"
21.7,14.2,"b"
10.3,12,"b"
15.8,12.5,"b"
2.9,12.3,"b"
5.8,11.7,"b"
3.8,11.2,"b"
5.9,12.3,"b"
57.1,21.2,"a"
47.4,23.5,"a"
70.8,25,"a"
71.4,20.4,"a"
75.6,22.6,"a"
81.6,25.5,"a"
87.5,24.6,"a"
86.2,25.1,"a"
